ID,Word
1,which
2,there
3,their
4,about
5,would
6,these
7,other
8,words
9,could
10,write
11,first
12,water
13,after
14,where
15,right
16,think
17,three
18,years
19,place
20,sound
21,great
22,again
23,still
24,every
25,small
26,found
27,those
28,never
29,under
30,might
31,while
32,house
33,world
34,below
35,asked
36,going
37,large
38,until
39,along
40,shall
41,being
42,often
43,earth
44,began
45,since
46,study
47,night
48,light
49,above
50,paper
51,parts
52,young
53,story
54,point
55,times
56,heard
57,whole
58,white
59,given
60,means
61,music
62,miles
63,thing
64,today
65,later
66,using
67,money
68,lines
69,order
70,group
71,among
72,learn
73,known
74,space
75,table
76,early
77,trees
78,short
79,hands
80,state
81,black
82,shown
83,stood
84,front
85,voice
86,kinds
87,makes
88,comes
89,close
90,power
91,lived
92,vowel
93,taken
94,built
95,heart
96,ready
97,quite
98,class
99,bring
100,round
101,horse
102,shows
103,piece
104,green
105,stand
106,birds
107,start
108,river
109,tried
110,least
111,field
112,whose
113,girls
114,leave
115,added
116,color
117,third
118,hours
119,moved
120,plant
121,doing
122,names
123,forms
124,heavy
125,ideas
126,cried
127,check
128,floor
129,begin
130,woman
131,alone
132,plane
133,spell
134,watch
135,carry
136,wrote
137,clear
138,named
139,books
140,child
141,glass
142,human
143,takes
144,party
145,build
146,seems
147,blood
148,sides
149,seven
150,mouth
151,solve
152,north
153,value
154,death
155,maybe
156,happy
157,tells
158,gives
159,looks
160,shape
161,lives
162,steps
163,areas
164,sense
165,speak
166,force
167,ocean
168,speed
169,women
170,metal
171,south
172,grass
173,scale
174,cells
175,lower
176,sleep
177,wrong
178,pages
179,ships
180,needs
181,rocks
182,eight
183,major
184,level
185,total
186,ahead
187,reach
188,stars
189,store
190,sight
191,terms
192,catch
193,works
194,board
195,cover
196,songs
197,equal
198,stone
199,waves
200,guess
201,dance
202,spoke
203,break
204,cause
205,radio
206,weeks
207,lands
208,basic
209,liked
210,trade
211,fresh
212,final
213,fight
214,meant
215,drive
216,spent
217,local
218,waxes
219,knows
220,train
221,bread
222,homes
223,teeth
224,coast
225,thick
226,brown
227,clean
228,quiet
229,sugar
230,facts
231,steel
232,forth
233,rules
234,notes
235,units
236,peace
237,month
238,verbs
239,seeds
240,helps
241,sharp
242,visit
243,woods
244,chief
245,walls
246,cross
247,wings
248,grown
249,cases
250,foods
